{
    "images": [
        {
            "id": "{b370e794-d9f4-4519-90cf-2b326f784171}",
            "name": "mchpLogo_small",
            "type": "RGB"
        },
        {
            "id": "{c457e55e-6c26-4269-9a4c-e27c8fe2ef1c}",
            "name": "MHGS_logo_smaller",
            "type": "RGB"
        },
        {
            "id": "{89c58433-010b-4045-ad02-36c430983135}",
            "name": "QuickstartDown_WQVGA",
            "type": "RGB"
        },
        {
            "id": "{27ece590-5c33-4845-89ad-a10bd2dd0ca2}",
            "name": "QuickstartUp_WQVGA",
            "type": "RGB"
        }
    ],
    "paths": [
    ]
}
