{
    "bindings": [
        {
            "font": "{3d97d32e-076b-4c99-b8a0-c9ebc247ec60}",
            "language": "{eec26cbe-4b34-4e88-86f7-e99eb3e427c1}",
            "string": "{975774d1-9a70-44aa-bc2b-f4011b564f03}"
        },
        {
            "font": "{3d97d32e-076b-4c99-b8a0-c9ebc247ec60}",
            "language": "{eec26cbe-4b34-4e88-86f7-e99eb3e427c1}",
            "string": "{d803330e-b521-42b7-9717-6d5cbd3050ac}"
        },
        {
            "font": "{3d97d32e-076b-4c99-b8a0-c9ebc247ec60}",
            "language": "{eec26cbe-4b34-4e88-86f7-e99eb3e427c1}",
            "string": "{daec1c42-2392-448e-aa57-8661cea8472e}"
        }
    ],
    "defaultLanguage": "{eec26cbe-4b34-4e88-86f7-e99eb3e427c1}",
    "encoding": "ASCII",
    "languages": [
        {
            "properties": {
                "__categories": [
                ],
                "__groups": [
                ],
                "enabled": {
                    "enabled": true,
                    "type": "boolean",
                    "value": true,
                    "visible": true
                },
                "id": {
                    "enabled": true,
                    "type": "uuid",
                    "value": "{eec26cbe-4b34-4e88-86f7-e99eb3e427c1}",
                    "visible": true
                },
                "name": {
                    "enabled": true,
                    "type": "text",
                    "value": "Default",
                    "visible": true
                }
            }
        }
    ],
    "paths": [
    ],
    "strings": [
        {
            "properties": {
                "__categories": [
                ],
                "__groups": [
                ],
                "description": {
                    "enabled": true,
                    "type": "text",
                    "value": "",
                    "visible": true
                },
                "id": {
                    "enabled": true,
                    "type": "uuid",
                    "value": "{975774d1-9a70-44aa-bc2b-f4011b564f03}",
                    "visible": true
                },
                "name": {
                    "enabled": true,
                    "type": "text",
                    "value": "Smart",
                    "visible": true
                },
                "path": {
                    "enabled": true,
                    "type": "text",
                    "value": "/",
                    "visible": true
                }
            },
            "values": [
                {
                    "language": "{eec26cbe-4b34-4e88-86f7-e99eb3e427c1}",
                    "value": "Smart."
                }
            ]
        },
        {
            "properties": {
                "__categories": [
                ],
                "__groups": [
                ],
                "description": {
                    "enabled": true,
                    "type": "text",
                    "value": "",
                    "visible": true
                },
                "id": {
                    "enabled": true,
                    "type": "uuid",
                    "value": "{d803330e-b521-42b7-9717-6d5cbd3050ac}",
                    "visible": true
                },
                "name": {
                    "enabled": true,
                    "type": "text",
                    "value": "Easy",
                    "visible": true
                },
                "path": {
                    "enabled": true,
                    "type": "text",
                    "value": "/",
                    "visible": true
                }
            },
            "values": [
                {
                    "language": "{eec26cbe-4b34-4e88-86f7-e99eb3e427c1}",
                    "value": "Easy."
                }
            ]
        },
        {
            "properties": {
                "__categories": [
                ],
                "__groups": [
                ],
                "description": {
                    "enabled": true,
                    "type": "text",
                    "value": "",
                    "visible": true
                },
                "id": {
                    "enabled": true,
                    "type": "uuid",
                    "value": "{daec1c42-2392-448e-aa57-8661cea8472e}",
                    "visible": true
                },
                "name": {
                    "enabled": true,
                    "type": "text",
                    "value": "Fast",
                    "visible": true
                },
                "path": {
                    "enabled": true,
                    "type": "text",
                    "value": "/",
                    "visible": true
                }
            },
            "values": [
                {
                    "language": "{eec26cbe-4b34-4e88-86f7-e99eb3e427c1}",
                    "value": "Fast."
                }
            ]
        }
    ]
}
